               epoch,      train/box_loss,      train/obj_loss,      train/cls_loss,   metrics/precision,      metrics/recall,     metrics/mAP_0.5,metrics/mAP_0.5:0.95,        val/box_loss,        val/obj_loss,        val/cls_loss,               x/lr0,               x/lr1,               x/lr2
                   0,             0.10928,            0.098501,                   0,           0.0066667,             0.14706,           0.0040107,           0.0016443,               0.105,            0.072189,                   0,              0.0829,              0.0019,              0.0019
                   1,             0.11185,            0.098563,                   0,               0.004,            0.088235,           0.0026234,          0.00092424,             0.10511,            0.071993,                   0,            0.064896,           0.0038961,           0.0038961
                   2,             0.11242,            0.096638,                   0,           0.0053333,             0.11765,           0.0031642,           0.0012594,             0.10599,            0.070921,                   0,            0.046888,           0.0058883,           0.0058883
                   3,             0.10864,            0.092477,                   0,           0.0053333,             0.11765,           0.0031642,           0.0012594,             0.10599,            0.070921,                   0,            0.028877,           0.0078765,           0.0078765
                   4,             0.10906,             0.11321,                   0,           0.0053333,             0.11765,           0.0031642,           0.0012594,             0.10599,            0.070921,                   0,            0.010861,           0.0098608,           0.0098608
                   5,             0.10916,            0.095465,                   0,           0.0053333,             0.11765,           0.0031642,           0.0012594,             0.10599,            0.070921,                   0,           0.0099505,           0.0099505,           0.0099505
                   6,             0.10631,            0.093097,                   0,           0.0053333,             0.11765,            0.014934,            0.004083,             0.10599,             0.07046,                   0,           0.0099505,           0.0099505,           0.0099505
                   7,             0.11105,            0.096247,                   0,           0.0053333,             0.11765,            0.014934,            0.004083,             0.10599,             0.07046,                   0,           0.0099406,           0.0099406,           0.0099406
                   8,             0.11067,            0.087951,                   0,           0.0053333,             0.11765,            0.014934,            0.004083,             0.10599,             0.07046,                   0,           0.0099307,           0.0099307,           0.0099307
                   9,             0.10782,            0.094668,                   0,           0.0097406,            0.044118,           0.0038907,          0.00082145,             0.11842,             0.12432,                   0,           0.0099208,           0.0099208,           0.0099208
                  10,             0.11028,            0.099447,                   0,           0.0097406,            0.044118,           0.0038907,          0.00082145,             0.11842,             0.12432,                   0,           0.0099109,           0.0099109,           0.0099109
                  11,             0.10955,            0.090208,                   0,           0.0097406,            0.044118,           0.0038907,          0.00082145,             0.11842,             0.12432,                   0,            0.009901,            0.009901,            0.009901
                  12,             0.10895,             0.10544,                   0,           0.0036899,             0.14706,           0.0019846,          0.00041377,             0.13157,             0.47001,                   0,           0.0098911,           0.0098911,           0.0098911
                  13,             0.10863,             0.11158,                   0,           0.0036899,             0.14706,           0.0019846,          0.00041377,             0.13157,             0.47001,                   0,           0.0098812,           0.0098812,           0.0098812
                  14,             0.10764,             0.10523,                   0,           0.0036899,             0.14706,           0.0019846,          0.00041377,             0.13157,             0.47001,                   0,           0.0098713,           0.0098713,           0.0098713
                  15,             0.10664,             0.09358,                   0,           0.0024809,            0.088235,           0.0013209,          0.00026031,             0.13551,              2.1461,                   0,           0.0098614,           0.0098614,           0.0098614
                  16,             0.10627,             0.10007,                   0,           0.0024809,            0.088235,           0.0013209,          0.00026031,             0.13551,              2.1461,                   0,           0.0098515,           0.0098515,           0.0098515
                  17,             0.10733,             0.10083,                   0,           0.0024809,            0.088235,           0.0013209,          0.00026031,             0.13551,              2.1461,                   0,           0.0098416,           0.0098416,           0.0098416
                  18,             0.10341,            0.088038,                   0,           0.0077287,            0.073529,           0.0044164,          0.00076765,             0.12516,             0.49741,                   0,           0.0098317,           0.0098317,           0.0098317
                  19,             0.10274,            0.083704,                   0,           0.0077287,            0.073529,           0.0044164,          0.00076765,             0.12516,             0.49741,                   0,           0.0098218,           0.0098218,           0.0098218
                  20,             0.10526,            0.096628,                   0,           0.0077287,            0.073529,           0.0044164,          0.00076765,             0.12516,             0.49741,                   0,           0.0098119,           0.0098119,           0.0098119
                  21,             0.10391,            0.084007,                   0,           0.0077287,            0.073529,           0.0044164,          0.00076765,             0.12516,             0.49741,                   0,            0.009802,            0.009802,            0.009802
                  22,             0.10263,             0.10142,                   0,           0.0054049,            0.088235,            0.002265,          0.00048495,             0.12619,             0.74053,                   0,           0.0097921,           0.0097921,           0.0097921
                  23,             0.10044,            0.082465,                   0,           0.0054049,            0.088235,            0.002265,          0.00048495,             0.12619,             0.74053,                   0,           0.0097822,           0.0097822,           0.0097822
                  24,             0.10269,             0.10075,                   0,           0.0054049,            0.088235,            0.002265,          0.00048495,             0.12619,             0.74053,                   0,           0.0097723,           0.0097723,           0.0097723
                  25,             0.10448,            0.098772,                   0,           0.0083928,             0.10294,           0.0031579,          0.00078033,             0.12141,             0.36014,                   0,           0.0097624,           0.0097624,           0.0097624
                  26,             0.10484,            0.075772,                   0,           0.0083928,             0.10294,           0.0031579,          0.00078033,             0.12141,             0.36014,                   0,           0.0097525,           0.0097525,           0.0097525
                  27,             0.10538,            0.081089,                   0,           0.0083928,             0.10294,           0.0031579,          0.00078033,             0.12141,             0.36014,                   0,           0.0097426,           0.0097426,           0.0097426
                  28,             0.10637,               0.096,                   0,            0.026425,            0.088235,            0.012403,           0.0033116,             0.11174,             0.13636,                   0,           0.0097327,           0.0097327,           0.0097327
                  29,             0.10204,             0.09252,                   0,            0.026425,            0.088235,            0.012403,           0.0033116,             0.11174,             0.13636,                   0,           0.0097228,           0.0097228,           0.0097228
                  30,             0.10267,             0.11433,                   0,            0.026425,            0.088235,            0.012403,           0.0033116,             0.11174,             0.13636,                   0,           0.0097129,           0.0097129,           0.0097129
                  31,             0.10218,            0.085058,                   0,            0.011365,             0.13235,           0.0043543,           0.0010122,             0.11545,             0.23396,                   0,            0.009703,            0.009703,            0.009703
                  32,             0.10265,             0.08306,                   0,            0.011365,             0.13235,           0.0043543,           0.0010122,             0.11545,             0.23396,                   0,           0.0096931,           0.0096931,           0.0096931
                  33,            0.099813,            0.076987,                   0,            0.011365,             0.13235,           0.0043543,           0.0010122,             0.11545,             0.23396,                   0,           0.0096832,           0.0096832,           0.0096832
                  34,            0.098104,            0.087439,                   0,           0.0044792,             0.11765,           0.0019337,          0.00054247,             0.12527,              1.3275,                   0,           0.0096733,           0.0096733,           0.0096733
                  35,             0.10248,            0.099916,                   0,           0.0044792,             0.11765,           0.0019337,          0.00054247,             0.12527,              1.3275,                   0,           0.0096634,           0.0096634,           0.0096634
                  36,             0.10743,             0.11795,                   0,           0.0044792,             0.11765,           0.0019337,          0.00054247,             0.12527,              1.3275,                   0,           0.0096535,           0.0096535,           0.0096535
                  37,             0.10227,            0.089887,                   0,           0.0044792,             0.11765,           0.0019337,          0.00054247,             0.12527,              1.3275,                   0,           0.0096436,           0.0096436,           0.0096436
                  38,            0.099697,            0.090334,                   0,            0.016648,            0.073529,           0.0064383,           0.0019772,             0.10922,             0.14592,                   0,           0.0096337,           0.0096337,           0.0096337
                  39,             0.10228,            0.092428,                   0,            0.016648,            0.073529,           0.0064383,           0.0019772,             0.10922,             0.14592,                   0,           0.0096238,           0.0096238,           0.0096238
                  40,            0.099486,            0.078497,                   0,            0.016648,            0.073529,           0.0064383,           0.0019772,             0.10922,             0.14592,                   0,           0.0096139,           0.0096139,           0.0096139
                  41,             0.10518,            0.090186,                   0,            0.025095,             0.13235,            0.010758,           0.0029427,             0.10742,             0.14053,                   0,            0.009604,            0.009604,            0.009604
                  42,            0.099456,            0.099097,                   0,            0.025095,             0.13235,            0.010758,           0.0029427,             0.10742,             0.14053,                   0,           0.0095941,           0.0095941,           0.0095941
                  43,             0.10372,             0.10522,                   0,            0.025095,             0.13235,            0.010758,           0.0029427,             0.10742,             0.14053,                   0,           0.0095842,           0.0095842,           0.0095842
                  44,            0.096024,            0.087697,                   0,            0.027333,            0.058824,           0.0098578,           0.0030663,             0.10445,             0.12047,                   0,           0.0095743,           0.0095743,           0.0095743
                  45,             0.10059,            0.088815,                   0,            0.027333,            0.058824,           0.0098578,           0.0030663,             0.10445,             0.12047,                   0,           0.0095644,           0.0095644,           0.0095644
                  46,             0.10289,            0.087718,                   0,            0.027333,            0.058824,           0.0098578,           0.0030663,             0.10445,             0.12047,                   0,           0.0095545,           0.0095545,           0.0095545
                  47,            0.097853,            0.084489,                   0,            0.024493,             0.16176,            0.012706,           0.0033499,             0.10942,             0.17779,                   0,           0.0095446,           0.0095446,           0.0095446
                  48,             0.10242,            0.098969,                   0,            0.024493,             0.16176,            0.012706,           0.0033499,             0.10942,             0.17779,                   0,           0.0095347,           0.0095347,           0.0095347
                  49,            0.099321,            0.089456,                   0,            0.024493,             0.16176,            0.012706,           0.0033499,             0.10942,             0.17779,                   0,           0.0095248,           0.0095248,           0.0095248
                  50,             0.09614,            0.078934,                   0,            0.035085,            0.088235,            0.014581,           0.0046442,             0.10439,             0.10608,                   0,           0.0095149,           0.0095149,           0.0095149
                  51,            0.094969,             0.09576,                   0,            0.035085,            0.088235,            0.014581,           0.0046442,             0.10439,             0.10608,                   0,            0.009505,            0.009505,            0.009505
                  52,            0.099162,            0.098535,                   0,            0.035085,            0.088235,            0.014581,           0.0046442,             0.10439,             0.10608,                   0,           0.0094951,           0.0094951,           0.0094951
                  53,             0.10181,             0.10121,                   0,            0.035085,            0.088235,            0.014581,           0.0046442,             0.10439,             0.10608,                   0,           0.0094852,           0.0094852,           0.0094852
                  54,            0.095599,            0.091271,                   0,            0.020408,             0.26471,             0.01151,           0.0037439,              0.1069,             0.14295,                   0,           0.0094753,           0.0094753,           0.0094753
                  55,            0.099333,            0.096074,                   0,            0.020408,             0.26471,             0.01151,           0.0037439,              0.1069,             0.14295,                   0,           0.0094654,           0.0094654,           0.0094654
                  56,            0.098548,            0.085983,                   0,            0.020408,             0.26471,             0.01151,           0.0037439,              0.1069,             0.14295,                   0,           0.0094555,           0.0094555,           0.0094555
                  57,            0.096809,             0.09896,                   0,            0.031606,             0.20588,             0.01646,           0.0048194,             0.10238,             0.11843,                   0,           0.0094456,           0.0094456,           0.0094456
                  58,             0.08869,            0.071438,                   0,            0.031606,             0.20588,             0.01646,           0.0048194,             0.10238,             0.11843,                   0,           0.0094357,           0.0094357,           0.0094357
                  59,            0.096882,            0.091578,                   0,            0.031606,             0.20588,             0.01646,           0.0048194,             0.10238,             0.11843,                   0,           0.0094258,           0.0094258,           0.0094258
                  60,            0.098488,             0.10623,                   0,              0.0347,             0.23529,            0.017162,           0.0049964,             0.10278,             0.11716,                   0,           0.0094159,           0.0094159,           0.0094159
                  61,            0.099443,              0.1093,                   0,              0.0347,             0.23529,            0.017162,           0.0049964,             0.10278,             0.11716,                   0,            0.009406,            0.009406,            0.009406
                  62,            0.098338,            0.088561,                   0,              0.0347,             0.23529,            0.017162,           0.0049964,             0.10278,             0.11716,                   0,           0.0093961,           0.0093961,           0.0093961
                  63,            0.096688,            0.086912,                   0,            0.027266,             0.19118,            0.013567,           0.0042368,             0.10354,             0.13016,                   0,           0.0093862,           0.0093862,           0.0093862
                  64,             0.09851,             0.11511,                   0,            0.027266,             0.19118,            0.013567,           0.0042368,             0.10354,             0.13016,                   0,           0.0093763,           0.0093763,           0.0093763
                  65,            0.094198,            0.087733,                   0,            0.027266,             0.19118,            0.013567,           0.0042368,             0.10354,             0.13016,                   0,           0.0093664,           0.0093664,           0.0093664
                  66,            0.093868,            0.079949,                   0,            0.030073,             0.11765,            0.012841,           0.0037431,             0.10193,             0.16724,                   0,           0.0093565,           0.0093565,           0.0093565
                  67,            0.094886,            0.083251,                   0,            0.030073,             0.11765,            0.012841,           0.0037431,             0.10193,             0.16724,                   0,           0.0093466,           0.0093466,           0.0093466
                  68,              0.0914,            0.092478,                   0,            0.030073,             0.11765,            0.012841,           0.0037431,             0.10193,             0.16724,                   0,           0.0093367,           0.0093367,           0.0093367
                  69,            0.094831,            0.084828,                   0,            0.030073,             0.11765,            0.012841,           0.0037431,             0.10193,             0.16724,                   0,           0.0093268,           0.0093268,           0.0093268
                  70,            0.092473,             0.07953,                   0,            0.024422,             0.14706,            0.012813,           0.0040189,             0.10263,             0.16924,                   0,           0.0093169,           0.0093169,           0.0093169
                  71,            0.093209,            0.077599,                   0,            0.024422,             0.14706,            0.012813,           0.0040189,             0.10263,             0.16924,                   0,            0.009307,            0.009307,            0.009307
                  72,            0.094588,            0.083614,                   0,            0.024422,             0.14706,            0.012813,           0.0040189,             0.10263,             0.16924,                   0,           0.0092971,           0.0092971,           0.0092971
                  73,            0.093362,            0.084815,                   0,            0.016904,             0.27941,            0.011799,           0.0041448,             0.10628,              0.2044,                   0,           0.0092872,           0.0092872,           0.0092872
                  74,             0.09137,            0.083832,                   0,            0.016904,             0.27941,            0.011799,           0.0041448,             0.10628,              0.2044,                   0,           0.0092773,           0.0092773,           0.0092773
                  75,            0.094265,            0.089643,                   0,            0.016904,             0.27941,            0.011799,           0.0041448,             0.10628,              0.2044,                   0,           0.0092674,           0.0092674,           0.0092674
                  76,            0.096515,            0.087721,                   0,            0.019127,             0.35294,            0.014216,           0.0045901,             0.10388,             0.14903,                   0,           0.0092575,           0.0092575,           0.0092575
                  77,            0.090779,            0.096748,                   0,            0.019127,             0.35294,            0.014216,           0.0045901,             0.10388,             0.14903,                   0,           0.0092476,           0.0092476,           0.0092476
                  78,            0.095496,            0.094991,                   0,            0.019127,             0.35294,            0.014216,           0.0045901,             0.10388,             0.14903,                   0,           0.0092377,           0.0092377,           0.0092377
                  79,            0.096769,            0.090553,                   0,            0.026286,             0.23529,            0.017689,           0.0052409,            0.099321,             0.11747,                   0,           0.0092278,           0.0092278,           0.0092278
                  80,            0.091475,            0.085077,                   0,            0.026286,             0.23529,            0.017689,           0.0052409,            0.099321,             0.11747,                   0,           0.0092179,           0.0092179,           0.0092179
                  81,            0.093642,            0.086089,                   0,            0.026286,             0.23529,            0.017689,           0.0052409,            0.099321,             0.11747,                   0,            0.009208,            0.009208,            0.009208
                  82,            0.091776,            0.083926,                   0,            0.025314,             0.27941,            0.017288,            0.005333,             0.10195,             0.16393,                   0,           0.0091981,           0.0091981,           0.0091981
                  83,            0.089144,            0.097765,                   0,            0.025314,             0.27941,            0.017288,            0.005333,             0.10195,             0.16393,                   0,           0.0091882,           0.0091882,           0.0091882
                  84,            0.093931,            0.097923,                   0,            0.025314,             0.27941,            0.017288,            0.005333,             0.10195,             0.16393,                   0,           0.0091783,           0.0091783,           0.0091783
                  85,             0.09456,            0.086244,                   0,            0.025314,             0.27941,            0.017288,            0.005333,             0.10195,             0.16393,                   0,           0.0091684,           0.0091684,           0.0091684
                  86,            0.088941,            0.079168,                   0,            0.024207,             0.35294,             0.01841,           0.0053551,             0.10167,             0.18577,                   0,           0.0091585,           0.0091585,           0.0091585
                  87,             0.09107,            0.090981,                   0,            0.024207,             0.35294,             0.01841,           0.0053551,             0.10167,             0.18577,                   0,           0.0091486,           0.0091486,           0.0091486
                  88,            0.090859,             0.10318,                   0,            0.024207,             0.35294,             0.01841,           0.0053551,             0.10167,             0.18577,                   0,           0.0091387,           0.0091387,           0.0091387
                  89,            0.091232,            0.091593,                   0,            0.035617,             0.48529,            0.030813,           0.0091914,            0.092662,              0.1064,                   0,           0.0091288,           0.0091288,           0.0091288
                  90,            0.092681,            0.091469,                   0,            0.035617,             0.48529,            0.030813,           0.0091914,            0.092662,              0.1064,                   0,           0.0091189,           0.0091189,           0.0091189
                  91,            0.089381,            0.093513,                   0,            0.035617,             0.48529,            0.030813,           0.0091914,            0.092662,              0.1064,                   0,            0.009109,            0.009109,            0.009109
                  92,            0.089813,            0.079426,                   0,            0.056412,             0.42647,            0.045827,            0.013525,            0.090282,            0.083726,                   0,           0.0090991,           0.0090991,           0.0090991
                  93,            0.090067,            0.085481,                   0,            0.056412,             0.42647,            0.045827,            0.013525,            0.090282,            0.083726,                   0,           0.0090892,           0.0090892,           0.0090892
                  94,            0.091284,             0.10667,                   0,            0.056412,             0.42647,            0.045827,            0.013525,            0.090282,            0.083726,                   0,           0.0090793,           0.0090793,           0.0090793
                  95,            0.091629,            0.084598,                   0,            0.063224,                 0.5,            0.061559,            0.016809,            0.090938,            0.079327,                   0,           0.0090694,           0.0090694,           0.0090694
                  96,            0.087834,            0.079328,                   0,            0.063224,                 0.5,            0.061559,            0.016809,            0.090938,            0.079327,                   0,           0.0090595,           0.0090595,           0.0090595
                  97,            0.089749,            0.091905,                   0,            0.063224,                 0.5,            0.061559,            0.016809,            0.090938,            0.079327,                   0,           0.0090496,           0.0090496,           0.0090496
                  98,            0.091321,            0.076877,                   0,            0.040171,             0.29412,            0.030958,           0.0096104,            0.093499,            0.085584,                   0,           0.0090397,           0.0090397,           0.0090397
                  99,            0.090094,            0.075247,                   0,            0.040171,             0.29412,            0.030958,           0.0096104,            0.093499,            0.085584,                   0,           0.0090298,           0.0090298,           0.0090298
                 100,            0.088268,             0.07777,                   0,            0.040171,             0.29412,            0.030958,           0.0096104,            0.093499,            0.085584,                   0,           0.0090199,           0.0090199,           0.0090199
                 101,            0.089409,            0.081477,                   0,            0.040171,             0.29412,            0.030958,           0.0096104,            0.093499,            0.085584,                   0,             0.00901,             0.00901,             0.00901
                 102,               0.087,            0.095813,                   0,            0.057007,             0.44118,             0.04529,            0.013451,            0.088922,            0.080041,                   0,           0.0090001,           0.0090001,           0.0090001
                 103,            0.088172,            0.091204,                   0,            0.057007,             0.44118,             0.04529,            0.013451,            0.088922,            0.080041,                   0,           0.0089902,           0.0089902,           0.0089902
                 104,            0.088746,            0.077835,                   0,            0.057007,             0.44118,             0.04529,            0.013451,            0.088922,            0.080041,                   0,           0.0089803,           0.0089803,           0.0089803
                 105,             0.08838,            0.095742,                   0,             0.15994,               0.294,             0.11117,             0.03099,            0.082942,            0.073476,                   0,           0.0089704,           0.0089704,           0.0089704
                 106,            0.084292,             0.08443,                   0,             0.15994,               0.294,             0.11117,             0.03099,            0.082942,            0.073476,                   0,           0.0089605,           0.0089605,           0.0089605
                 107,            0.086747,            0.081455,                   0,             0.15994,               0.294,             0.11117,             0.03099,            0.082942,            0.073476,                   0,           0.0089506,           0.0089506,           0.0089506
                 108,            0.084693,            0.078604,                   0,            0.096319,             0.35294,            0.073096,            0.026157,            0.083689,            0.078487,                   0,           0.0089407,           0.0089407,           0.0089407
                 109,            0.090049,            0.098959,                   0,            0.096319,             0.35294,            0.073096,            0.026157,            0.083689,            0.078487,                   0,           0.0089308,           0.0089308,           0.0089308
                 110,            0.083143,            0.078276,                   0,            0.096319,             0.35294,            0.073096,            0.026157,            0.083689,            0.078487,                   0,           0.0089209,           0.0089209,           0.0089209
                 111,            0.077645,            0.079874,                   0,             0.09652,             0.39706,            0.079492,            0.025008,            0.085244,            0.083461,                   0,            0.008911,            0.008911,            0.008911
                 112,            0.082771,            0.087953,                   0,             0.09652,             0.39706,            0.079492,            0.025008,            0.085244,            0.083461,                   0,           0.0089011,           0.0089011,           0.0089011
                 113,            0.087177,            0.083059,                   0,             0.09652,             0.39706,            0.079492,            0.025008,            0.085244,            0.083461,                   0,           0.0088912,           0.0088912,           0.0088912
                 114,            0.084955,            0.096749,                   0,             0.14486,             0.23529,            0.094571,             0.03061,            0.082127,            0.075647,                   0,           0.0088813,           0.0088813,           0.0088813
                 115,             0.08508,            0.078139,                   0,             0.14486,             0.23529,            0.094571,             0.03061,            0.082127,            0.075647,                   0,           0.0088714,           0.0088714,           0.0088714
                 116,            0.086434,            0.087942,                   0,             0.14486,             0.23529,            0.094571,             0.03061,            0.082127,            0.075647,                   0,           0.0088615,           0.0088615,           0.0088615
                 117,            0.084992,            0.086436,                   0,             0.14486,             0.23529,            0.094571,             0.03061,            0.082127,            0.075647,                   0,           0.0088516,           0.0088516,           0.0088516
                 118,               0.086,            0.077503,                   0,            0.096228,             0.29412,            0.076324,            0.022863,            0.084616,             0.08245,                   0,           0.0088417,           0.0088417,           0.0088417
                 119,             0.08538,            0.091418,                   0,            0.096228,             0.29412,            0.076324,            0.022863,            0.084616,             0.08245,                   0,           0.0088318,           0.0088318,           0.0088318
                 120,            0.085721,            0.089903,                   0,            0.096228,             0.29412,            0.076324,            0.022863,            0.084616,             0.08245,                   0,           0.0088219,           0.0088219,           0.0088219
                 121,            0.086131,            0.090314,                   0,             0.17907,             0.32353,             0.13316,             0.04152,            0.080432,            0.074951,                   0,            0.008812,            0.008812,            0.008812
                 122,             0.07878,             0.08987,                   0,             0.17907,             0.32353,             0.13316,             0.04152,            0.080432,            0.074951,                   0,           0.0088021,           0.0088021,           0.0088021
                 123,            0.086702,              0.0815,                   0,             0.17907,             0.32353,             0.13316,             0.04152,            0.080432,            0.074951,                   0,           0.0087922,           0.0087922,           0.0087922
                 124,            0.084523,            0.074844,                   0,             0.23458,             0.27941,             0.18428,             0.06339,            0.078778,            0.074936,                   0,           0.0087823,           0.0087823,           0.0087823
                 125,             0.08221,            0.080566,                   0,             0.23458,             0.27941,             0.18428,             0.06339,            0.078778,            0.074936,                   0,           0.0087724,           0.0087724,           0.0087724
                 126,            0.081714,            0.092991,                   0,             0.23458,             0.27941,             0.18428,             0.06339,            0.078778,            0.074936,                   0,           0.0087625,           0.0087625,           0.0087625
                 127,             0.08235,            0.079879,                   0,             0.17153,             0.38235,             0.14538,            0.043652,            0.079775,            0.073634,                   0,           0.0087526,           0.0087526,           0.0087526
                 128,            0.077073,            0.081406,                   0,             0.17153,             0.38235,             0.14538,            0.043652,            0.079775,            0.073634,                   0,           0.0087427,           0.0087427,           0.0087427
                 129,            0.085175,            0.084906,                   0,             0.17153,             0.38235,             0.14538,            0.043652,            0.079775,            0.073634,                   0,           0.0087328,           0.0087328,           0.0087328
                 130,            0.077388,            0.085429,                   0,             0.16377,             0.27941,             0.11444,            0.029267,            0.080397,            0.078636,                   0,           0.0087229,           0.0087229,           0.0087229
                 131,            0.084492,            0.095649,                   0,             0.16377,             0.27941,             0.11444,            0.029267,            0.080397,            0.078636,                   0,            0.008713,            0.008713,            0.008713
                 132,            0.082927,            0.089312,                   0,             0.16377,             0.27941,             0.11444,            0.029267,            0.080397,            0.078636,                   0,           0.0087031,           0.0087031,           0.0087031
                 133,            0.079629,            0.068812,                   0,             0.16377,             0.27941,             0.11444,            0.029267,            0.080397,            0.078636,                   0,           0.0086932,           0.0086932,           0.0086932
                 134,            0.084136,            0.090953,                   0,             0.11742,             0.47059,            0.082928,            0.025908,            0.082273,            0.079866,                   0,           0.0086833,           0.0086833,           0.0086833
                 135,             0.08587,            0.096024,                   0,             0.11742,             0.47059,            0.082928,            0.025908,            0.082273,            0.079866,                   0,           0.0086734,           0.0086734,           0.0086734
                 136,            0.085292,            0.080151,                   0,             0.11742,             0.47059,            0.082928,            0.025908,            0.082273,            0.079866,                   0,           0.0086635,           0.0086635,           0.0086635
                 137,            0.081473,            0.083963,                   0,             0.14358,             0.26471,             0.10708,            0.034494,            0.080214,            0.076437,                   0,           0.0086536,           0.0086536,           0.0086536
                 138,            0.082201,            0.090584,                   0,             0.14358,             0.26471,             0.10708,            0.034494,            0.080214,            0.076437,                   0,           0.0086437,           0.0086437,           0.0086437
                 139,            0.075692,            0.073371,                   0,             0.14358,             0.26471,             0.10708,            0.034494,            0.080214,            0.076437,                   0,           0.0086338,           0.0086338,           0.0086338
                 140,            0.081571,            0.085354,                   0,             0.12133,             0.38235,             0.10308,            0.030969,            0.082655,            0.079299,                   0,           0.0086239,           0.0086239,           0.0086239
                 141,            0.079103,            0.083009,                   0,             0.12133,             0.38235,             0.10308,            0.030969,            0.082655,            0.079299,                   0,            0.008614,            0.008614,            0.008614
                 142,            0.085567,            0.093693,                   0,             0.12133,             0.38235,             0.10308,            0.030969,            0.082655,            0.079299,                   0,           0.0086041,           0.0086041,           0.0086041
                 143,            0.083802,            0.077173,                   0,             0.24492,             0.39706,             0.20888,            0.066798,            0.078804,            0.071794,                   0,           0.0085942,           0.0085942,           0.0085942
                 144,            0.081002,            0.093162,                   0,             0.24492,             0.39706,             0.20888,            0.066798,            0.078804,            0.071794,                   0,           0.0085843,           0.0085843,           0.0085843
                 145,             0.08171,            0.091305,                   0,             0.24492,             0.39706,             0.20888,            0.066798,            0.078804,            0.071794,                   0,           0.0085744,           0.0085744,           0.0085744
                 146,            0.082193,            0.091488,                   0,            0.089092,             0.42647,            0.065459,            0.020029,            0.085806,            0.078773,                   0,           0.0085645,           0.0085645,           0.0085645
                 147,            0.083731,              0.1068,                   0,            0.089092,             0.42647,            0.065459,            0.020029,            0.085806,            0.078773,                   0,           0.0085546,           0.0085546,           0.0085546
                 148,            0.085793,            0.078015,                   0,            0.089092,             0.42647,            0.065459,            0.020029,            0.085806,            0.078773,                   0,           0.0085447,           0.0085447,           0.0085447
                 149,            0.083855,            0.094357,                   0,            0.089092,             0.42647,            0.065459,            0.020029,            0.085806,            0.078773,                   0,           0.0085348,           0.0085348,           0.0085348
                 150,            0.079736,            0.077932,                   0,            0.092524,             0.41984,            0.069376,            0.023374,            0.085149,             0.07596,                   0,           0.0085249,           0.0085249,           0.0085249
                 151,            0.079021,            0.075675,                   0,            0.092524,             0.41984,            0.069376,            0.023374,            0.085149,             0.07596,                   0,            0.008515,            0.008515,            0.008515
                 152,             0.08265,            0.096378,                   0,            0.092524,             0.41984,            0.069376,            0.023374,            0.085149,             0.07596,                   0,           0.0085051,           0.0085051,           0.0085051
                 153,            0.077852,            0.089445,                   0,             0.13232,             0.39706,              0.1239,            0.038958,            0.081835,            0.074386,                   0,           0.0084952,           0.0084952,           0.0084952
                 154,            0.079451,            0.082861,                   0,             0.13232,             0.39706,              0.1239,            0.038958,            0.081835,            0.074386,                   0,           0.0084853,           0.0084853,           0.0084853
                 155,            0.076914,            0.081582,                   0,             0.13232,             0.39706,              0.1239,            0.038958,            0.081835,            0.074386,                   0,           0.0084754,           0.0084754,           0.0084754
                 156,            0.080175,            0.092618,                   0,              0.2446,             0.39706,             0.19057,            0.068767,            0.080092,            0.071144,                   0,           0.0084655,           0.0084655,           0.0084655
                 157,             0.08001,             0.08902,                   0,              0.2446,             0.39706,             0.19057,            0.068767,            0.080092,            0.071144,                   0,           0.0084556,           0.0084556,           0.0084556
                 158,             0.07705,            0.086838,                   0,              0.2446,             0.39706,             0.19057,            0.068767,            0.080092,            0.071144,                   0,           0.0084457,           0.0084457,           0.0084457
                 159,            0.071425,            0.069476,                   0,             0.27458,             0.36765,             0.21758,            0.083868,            0.076811,            0.072067,                   0,           0.0084358,           0.0084358,           0.0084358
                 160,            0.075739,            0.085803,                   0,             0.27458,             0.36765,             0.21758,            0.083868,            0.076811,            0.072067,                   0,           0.0084259,           0.0084259,           0.0084259
                 161,            0.080802,             0.10626,                   0,             0.27458,             0.36765,             0.21758,            0.083868,            0.076811,            0.072067,                   0,            0.008416,            0.008416,            0.008416
                 162,            0.078877,             0.10073,                   0,             0.17307,             0.41176,             0.15702,            0.052646,            0.077966,            0.073037,                   0,           0.0084061,           0.0084061,           0.0084061
                 163,            0.076555,            0.085412,                   0,             0.17307,             0.41176,             0.15702,            0.052646,            0.077966,            0.073037,                   0,           0.0083962,           0.0083962,           0.0083962
                 164,            0.074889,            0.076054,                   0,             0.17307,             0.41176,             0.15702,            0.052646,            0.077966,            0.073037,                   0,           0.0083863,           0.0083863,           0.0083863
                 165,            0.076226,            0.093779,                   0,             0.17307,             0.41176,             0.15702,            0.052646,            0.077966,            0.073037,                   0,           0.0083764,           0.0083764,           0.0083764
                 166,            0.078734,             0.10633,                   0,             0.15823,             0.36765,             0.13134,            0.037994,            0.079668,            0.073109,                   0,           0.0083665,           0.0083665,           0.0083665
                 167,            0.076248,            0.095177,                   0,             0.15823,             0.36765,             0.13134,            0.037994,            0.079668,            0.073109,                   0,           0.0083566,           0.0083566,           0.0083566
                 168,            0.077111,            0.075823,                   0,             0.15823,             0.36765,             0.13134,            0.037994,            0.079668,            0.073109,                   0,           0.0083467,           0.0083467,           0.0083467
                 169,            0.080461,            0.096016,                   0,             0.13762,             0.36765,             0.10596,            0.033133,            0.080775,            0.074872,                   0,           0.0083368,           0.0083368,           0.0083368
                 170,            0.080756,            0.098186,                   0,             0.13762,             0.36765,             0.10596,            0.033133,            0.080775,            0.074872,                   0,           0.0083269,           0.0083269,           0.0083269
                 171,            0.079994,            0.092232,                   0,             0.13762,             0.36765,             0.10596,            0.033133,            0.080775,            0.074872,                   0,            0.008317,            0.008317,            0.008317
                 172,            0.081364,             0.08654,                   0,             0.21142,             0.33824,             0.18838,            0.051202,            0.079832,            0.070222,                   0,           0.0083071,           0.0083071,           0.0083071
                 173,            0.077088,            0.082649,                   0,             0.21142,             0.33824,             0.18838,            0.051202,            0.079832,            0.070222,                   0,           0.0082972,           0.0082972,           0.0082972
                 174,            0.078847,             0.09251,                   0,             0.21142,             0.33824,             0.18838,            0.051202,            0.079832,            0.070222,                   0,           0.0082873,           0.0082873,           0.0082873
                 175,            0.076706,             0.10332,                   0,             0.23719,             0.41176,             0.21085,            0.075222,            0.074912,            0.072359,                   0,           0.0082774,           0.0082774,           0.0082774
                 176,            0.073663,             0.09117,                   0,             0.23719,             0.41176,             0.21085,            0.075222,            0.074912,            0.072359,                   0,           0.0082675,           0.0082675,           0.0082675
                 177,            0.075486,            0.088896,                   0,             0.23719,             0.41176,             0.21085,            0.075222,            0.074912,            0.072359,                   0,           0.0082576,           0.0082576,           0.0082576
                 178,            0.075073,            0.081502,                   0,             0.15819,             0.39706,             0.13156,            0.042118,            0.080377,            0.074992,                   0,           0.0082477,           0.0082477,           0.0082477
                 179,            0.072356,            0.095957,                   0,             0.15819,             0.39706,             0.13156,            0.042118,            0.080377,            0.074992,                   0,           0.0082378,           0.0082378,           0.0082378
                 180,            0.077306,            0.087778,                   0,             0.15819,             0.39706,             0.13156,            0.042118,            0.080377,            0.074992,                   0,           0.0082279,           0.0082279,           0.0082279
                 181,            0.076627,            0.087174,                   0,             0.15819,             0.39706,             0.13156,            0.042118,            0.080377,            0.074992,                   0,            0.008218,            0.008218,            0.008218
                 182,            0.074178,            0.079743,                   0,             0.17304,             0.44118,             0.15095,            0.048282,            0.080225,            0.074818,                   0,           0.0082081,           0.0082081,           0.0082081
                 183,            0.077868,            0.088127,                   0,             0.17304,             0.44118,             0.15095,            0.048282,            0.080225,            0.074818,                   0,           0.0081982,           0.0081982,           0.0081982
                 184,             0.07164,            0.081082,                   0,             0.17304,             0.44118,             0.15095,            0.048282,            0.080225,            0.074818,                   0,           0.0081883,           0.0081883,           0.0081883
                 185,             0.07582,            0.094123,                   0,             0.22827,             0.39706,             0.19636,            0.060532,            0.078184,            0.071728,                   0,           0.0081784,           0.0081784,           0.0081784
                 186,            0.077849,             0.10686,                   0,             0.22827,             0.39706,             0.19636,            0.060532,            0.078184,            0.071728,                   0,           0.0081685,           0.0081685,           0.0081685
                 187,            0.078636,            0.095262,                   0,             0.22827,             0.39706,             0.19636,            0.060532,            0.078184,            0.071728,                   0,           0.0081586,           0.0081586,           0.0081586
                 188,            0.074765,            0.083975,                   0,             0.21431,             0.35294,             0.15967,            0.057896,            0.076566,            0.072632,                   0,           0.0081487,           0.0081487,           0.0081487
                 189,            0.074936,            0.085413,                   0,             0.21431,             0.35294,             0.15967,            0.057896,            0.076566,            0.072632,                   0,           0.0081388,           0.0081388,           0.0081388
                 190,            0.075663,             0.10054,                   0,             0.21431,             0.35294,             0.15967,            0.057896,            0.076566,            0.072632,                   0,           0.0081289,           0.0081289,           0.0081289
                 191,            0.075726,              0.1017,                   0,             0.19576,             0.45588,             0.15621,            0.053944,            0.076838,            0.071328,                   0,            0.008119,            0.008119,            0.008119
                 192,            0.075133,            0.089681,                   0,             0.19576,             0.45588,             0.15621,            0.053944,            0.076838,            0.071328,                   0,           0.0081091,           0.0081091,           0.0081091
                 193,            0.074971,            0.097684,                   0,             0.19576,             0.45588,             0.15621,            0.053944,            0.076838,            0.071328,                   0,           0.0080992,           0.0080992,           0.0080992
                 194,            0.074229,            0.084003,                   0,             0.22779,             0.45588,              0.1834,            0.067729,            0.076215,            0.070528,                   0,           0.0080893,           0.0080893,           0.0080893
                 195,            0.074182,             0.09383,                   0,             0.22779,             0.45588,              0.1834,            0.067729,            0.076215,            0.070528,                   0,           0.0080794,           0.0080794,           0.0080794
                 196,            0.076447,            0.078712,                   0,             0.22779,             0.45588,              0.1834,            0.067729,            0.076215,            0.070528,                   0,           0.0080695,           0.0080695,           0.0080695
                 197,            0.073843,            0.088115,                   0,             0.22779,             0.45588,              0.1834,            0.067729,            0.076215,            0.070528,                   0,           0.0080596,           0.0080596,           0.0080596
                 198,            0.076349,            0.080193,                   0,             0.23741,                 0.5,             0.18658,             0.06757,            0.076799,            0.070771,                   0,           0.0080497,           0.0080497,           0.0080497
                 199,            0.071665,            0.079856,                   0,             0.23741,                 0.5,             0.18658,             0.06757,            0.076799,            0.070771,                   0,           0.0080398,           0.0080398,           0.0080398
                 200,            0.076018,             0.08872,                   0,             0.23741,                 0.5,             0.18658,             0.06757,            0.076799,            0.070771,                   0,           0.0080299,           0.0080299,           0.0080299
                 201,            0.076207,             0.08966,                   0,             0.16424,             0.47059,             0.12579,            0.048288,            0.077009,            0.076579,                   0,             0.00802,             0.00802,             0.00802
                 202,             0.07141,            0.092446,                   0,             0.16424,             0.47059,             0.12579,            0.048288,            0.077009,            0.076579,                   0,           0.0080101,           0.0080101,           0.0080101
                 203,            0.077915,            0.094596,                   0,             0.16424,             0.47059,             0.12579,            0.048288,            0.077009,            0.076579,                   0,           0.0080002,           0.0080002,           0.0080002
                 204,            0.074926,            0.084173,                   0,             0.16444,             0.41176,             0.12239,            0.041403,            0.079345,            0.076655,                   0,           0.0079903,           0.0079903,           0.0079903
                 205,            0.078061,            0.077243,                   0,             0.16444,             0.41176,             0.12239,            0.041403,            0.079345,            0.076655,                   0,           0.0079804,           0.0079804,           0.0079804
                 206,            0.077085,            0.074887,                   0,             0.16444,             0.41176,             0.12239,            0.041403,            0.079345,            0.076655,                   0,           0.0079705,           0.0079705,           0.0079705
                 207,            0.075537,            0.093713,                   0,             0.25473,             0.44118,             0.21862,            0.071909,            0.073218,            0.070794,                   0,           0.0079606,           0.0079606,           0.0079606
                 208,            0.072394,            0.083849,                   0,             0.25473,             0.44118,             0.21862,            0.071909,            0.073218,            0.070794,                   0,           0.0079507,           0.0079507,           0.0079507
                 209,            0.074109,            0.091856,                   0,             0.25473,             0.44118,             0.21862,            0.071909,            0.073218,            0.070794,                   0,           0.0079408,           0.0079408,           0.0079408
                 210,            0.072647,            0.075838,                   0,             0.18071,             0.44118,             0.14254,            0.050023,            0.074534,            0.071163,                   0,           0.0079309,           0.0079309,           0.0079309
                 211,            0.073242,            0.082474,                   0,             0.18071,             0.44118,             0.14254,            0.050023,            0.074534,            0.071163,                   0,            0.007921,            0.007921,            0.007921
                 212,            0.074283,            0.083766,                   0,             0.18071,             0.44118,             0.14254,            0.050023,            0.074534,            0.071163,                   0,           0.0079111,           0.0079111,           0.0079111
                 213,            0.074146,            0.087473,                   0,             0.18071,             0.44118,             0.14254,            0.050023,            0.074534,            0.071163,                   0,           0.0079012,           0.0079012,           0.0079012
                 214,            0.076203,            0.092047,                   0,             0.24425,             0.45588,             0.17972,            0.062875,            0.074501,            0.068492,                   0,           0.0078913,           0.0078913,           0.0078913
                 215,            0.072101,            0.085128,                   0,             0.24425,             0.45588,             0.17972,            0.062875,            0.074501,            0.068492,                   0,           0.0078814,           0.0078814,           0.0078814
                 216,            0.073628,            0.090646,                   0,             0.24425,             0.45588,             0.17972,            0.062875,            0.074501,            0.068492,                   0,           0.0078715,           0.0078715,           0.0078715
                 217,            0.076724,            0.089853,                   0,             0.22888,                 0.5,             0.19863,            0.067757,            0.073849,            0.069203,                   0,           0.0078616,           0.0078616,           0.0078616
                 218,             0.07038,            0.080137,                   0,             0.22888,                 0.5,             0.19863,            0.067757,            0.073849,            0.069203,                   0,           0.0078517,           0.0078517,           0.0078517
                 219,            0.072845,            0.087417,                   0,             0.22888,                 0.5,             0.19863,            0.067757,            0.073849,            0.069203,                   0,           0.0078418,           0.0078418,           0.0078418
                 220,            0.076419,            0.096995,                   0,              0.1681,                 0.5,             0.16408,            0.059196,            0.076558,            0.070951,                   0,           0.0078319,           0.0078319,           0.0078319
                 221,            0.072958,             0.08183,                   0,              0.1681,                 0.5,             0.16408,            0.059196,            0.076558,            0.070951,                   0,            0.007822,            0.007822,            0.007822
                 222,            0.075602,            0.081569,                   0,              0.1681,                 0.5,             0.16408,            0.059196,            0.076558,            0.070951,                   0,           0.0078121,           0.0078121,           0.0078121
                 223,            0.073107,            0.088838,                   0,              0.2289,             0.47059,             0.18094,            0.070157,            0.076153,            0.069425,                   0,           0.0078022,           0.0078022,           0.0078022
                 224,             0.07406,             0.10015,                   0,              0.2289,             0.47059,             0.18094,            0.070157,            0.076153,            0.069425,                   0,           0.0077923,           0.0077923,           0.0077923
                 225,            0.072477,            0.081218,                   0,              0.2289,             0.47059,             0.18094,            0.070157,            0.076153,            0.069425,                   0,           0.0077824,           0.0077824,           0.0077824
                 226,            0.071962,            0.087143,                   0,             0.20881,             0.45588,              0.1722,            0.059775,            0.073653,            0.071257,                   0,           0.0077725,           0.0077725,           0.0077725
                 227,            0.074293,            0.092462,                   0,             0.20881,             0.45588,              0.1722,            0.059775,            0.073653,            0.071257,                   0,           0.0077626,           0.0077626,           0.0077626
                 228,            0.075126,            0.090752,                   0,             0.20881,             0.45588,              0.1722,            0.059775,            0.073653,            0.071257,                   0,           0.0077527,           0.0077527,           0.0077527
                 229,            0.073278,            0.086274,                   0,             0.20881,             0.45588,              0.1722,            0.059775,            0.073653,            0.071257,                   0,           0.0077428,           0.0077428,           0.0077428
                 230,            0.071866,            0.083767,                   0,             0.18014,             0.45588,             0.13953,            0.053516,            0.074181,            0.071619,                   0,           0.0077329,           0.0077329,           0.0077329
                 231,            0.070559,             0.09837,                   0,             0.18014,             0.45588,             0.13953,            0.053516,            0.074181,            0.071619,                   0,            0.007723,            0.007723,            0.007723
                 232,            0.073931,            0.096348,                   0,             0.18014,             0.45588,             0.13953,            0.053516,            0.074181,            0.071619,                   0,           0.0077131,           0.0077131,           0.0077131
                 233,            0.068887,            0.084201,                   0,             0.15819,                 0.5,             0.14634,            0.058872,            0.074831,              0.0739,                   0,           0.0077032,           0.0077032,           0.0077032
                 234,             0.06954,            0.097615,                   0,             0.15819,                 0.5,             0.14634,            0.058872,            0.074831,              0.0739,                   0,           0.0076933,           0.0076933,           0.0076933
                 235,            0.068904,            0.078217,                   0,             0.15819,                 0.5,             0.14634,            0.058872,            0.074831,              0.0739,                   0,           0.0076834,           0.0076834,           0.0076834
                 236,            0.068918,            0.073914,                   0,             0.26377,             0.44118,             0.21387,             0.07826,            0.073097,            0.070104,                   0,           0.0076735,           0.0076735,           0.0076735
                 237,             0.07007,            0.079031,                   0,             0.26377,             0.44118,             0.21387,             0.07826,            0.073097,            0.070104,                   0,           0.0076636,           0.0076636,           0.0076636
                 238,            0.070508,            0.086538,                   0,             0.26377,             0.44118,             0.21387,             0.07826,            0.073097,            0.070104,                   0,           0.0076537,           0.0076537,           0.0076537
                 239,            0.070903,             0.08366,                   0,             0.09039,             0.44118,            0.073142,            0.023931,            0.079273,            0.078285,                   0,           0.0076438,           0.0076438,           0.0076438
                 240,            0.069245,            0.085179,                   0,             0.09039,             0.44118,            0.073142,            0.023931,            0.079273,            0.078285,                   0,           0.0076339,           0.0076339,           0.0076339
                 241,            0.075233,             0.07979,                   0,             0.09039,             0.44118,            0.073142,            0.023931,            0.079273,            0.078285,                   0,            0.007624,            0.007624,            0.007624
                 242,            0.076559,            0.096561,                   0,             0.22729,             0.44118,             0.19398,            0.060999,            0.076927,            0.070965,                   0,           0.0076141,           0.0076141,           0.0076141
                 243,            0.076751,            0.084172,                   0,             0.22729,             0.44118,             0.19398,            0.060999,            0.076927,            0.070965,                   0,           0.0076042,           0.0076042,           0.0076042
                 244,            0.072377,            0.086224,                   0,             0.22729,             0.44118,             0.19398,            0.060999,            0.076927,            0.070965,                   0,           0.0075943,           0.0075943,           0.0075943
                 245,            0.076026,            0.080788,                   0,             0.22729,             0.44118,             0.19398,            0.060999,            0.076927,            0.070965,                   0,           0.0075844,           0.0075844,           0.0075844
                 246,            0.072292,            0.080361,                   0,             0.19657,             0.39706,             0.17051,            0.055618,            0.078755,             0.07103,                   0,           0.0075745,           0.0075745,           0.0075745
                 247,            0.069437,            0.086686,                   0,             0.19657,             0.39706,             0.17051,            0.055618,            0.078755,             0.07103,                   0,           0.0075646,           0.0075646,           0.0075646
                 248,            0.074806,            0.082163,                   0,             0.19657,             0.39706,             0.17051,            0.055618,            0.078755,             0.07103,                   0,           0.0075547,           0.0075547,           0.0075547
                 249,            0.076443,            0.081795,                   0,             0.23352,             0.44118,             0.19447,            0.064236,            0.076765,            0.072205,                   0,           0.0075448,           0.0075448,           0.0075448
                 250,            0.071674,            0.093074,                   0,             0.23352,             0.44118,             0.19447,            0.064236,            0.076765,            0.072205,                   0,           0.0075349,           0.0075349,           0.0075349
                 251,            0.073026,            0.097093,                   0,             0.23352,             0.44118,             0.19447,            0.064236,            0.076765,            0.072205,                   0,            0.007525,            0.007525,            0.007525
                 252,            0.075104,            0.091152,                   0,               0.154,             0.39706,              0.1298,            0.040833,            0.076979,            0.075465,                   0,           0.0075151,           0.0075151,           0.0075151
                 253,            0.069291,            0.080176,                   0,               0.154,             0.39706,              0.1298,            0.040833,            0.076979,            0.075465,                   0,           0.0075052,           0.0075052,           0.0075052
                 254,            0.068176,            0.085852,                   0,               0.154,             0.39706,              0.1298,            0.040833,            0.076979,            0.075465,                   0,           0.0074953,           0.0074953,           0.0074953
                 255,            0.070756,            0.085898,                   0,             0.14909,             0.48529,             0.13431,            0.044147,            0.075903,            0.078045,                   0,           0.0074854,           0.0074854,           0.0074854
                 256,            0.069525,            0.082573,                   0,             0.14909,             0.48529,             0.13431,            0.044147,            0.075903,            0.078045,                   0,           0.0074755,           0.0074755,           0.0074755
                 257,            0.069336,            0.090011,                   0,             0.14909,             0.48529,             0.13431,            0.044147,            0.075903,            0.078045,                   0,           0.0074656,           0.0074656,           0.0074656
                 258,            0.073245,            0.080203,                   0,             0.16347,                 0.5,             0.15116,            0.049595,            0.077358,            0.076782,                   0,           0.0074557,           0.0074557,           0.0074557
                 259,            0.072035,            0.081395,                   0,             0.16347,                 0.5,             0.15116,            0.049595,            0.077358,            0.076782,                   0,           0.0074458,           0.0074458,           0.0074458
                 260,            0.067817,            0.096294,                   0,             0.16347,                 0.5,             0.15116,            0.049595,            0.077358,            0.076782,                   0,           0.0074359,           0.0074359,           0.0074359
                 261,            0.071823,            0.099496,                   0,             0.16347,                 0.5,             0.15116,            0.049595,            0.077358,            0.076782,                   0,            0.007426,            0.007426,            0.007426
